1;Carlos;Martinez;Lujan;martinezlujan@gmail.com;España
2;Pedro;Alonso;Sanchez;alonsosanchez@gmail.com;Francia
3;Sofia;Sanz;Marcos;sanzmarcos@gmail.com;Portugal
4;Laura;Perez;Polo;perezpolo@gmail.com;Francia
5;Jose;Lopez;Jareño;lopezjareño@gmail.com;Inglaterra
6;Raul;Martinez;Hurtado;martinezhurtado@gmail.com;Portugal
7;Raul;Saez;Usia;saezusia@gmail.com;Francia
8;Pedro;Benavent;Olmo;benaventolmo@gmail.com;España
9;Vicente;Boltaña;Gutierrez;boltañagutierrez@gmail.com;España
10;Teresa;Fernandez;Jimenez;fernandezjimenez@gmail.com;Marruecos
11;Carmen;Ruiz;Costa;ruizcosta@gmail.com;Alemania
12;Carolina;Higueruelas;Crespo;higueruelascrespo@gmail.com;Suiza
13;Roberto;Jaen;Carrasco;jaencarrasco@gmail.com;Portugal
14;Luisa;Navarro;Torres;navarrotorres@gmail.com;España
